{
  "!": {
    "sounds": [
      "!"
    ]
  },
  "@": {
    "sounds": [
      "@"
    ]
  },
  "#": {
    "sounds": [
      "#"
    ]
  },
  "~": {
    "sounds": [
      "~"
    ]
  },

  "%": {
    "sounds": [
      "%"
    ]
  },
  "&": {
    "sounds": [
      "&"
    ]
  },
  "(": {
    "sounds": [
      "("
    ]
  },
  ")": {
    "sounds": [
      ")"
    ]
  },
  "a": {
    "sounds": [
      "a"
    ]
  },
  "b": {
    "sounds": [
      "b"
    ]
  },
  "c": {
    "sounds": [
      "c"
    ]
  },
  "d": {
    "sounds": [
      "d"
    ]
  },
  "e": {
    "sounds": [
      "e"
    ]
  },
  "f": {
    "sounds": [
      "f"
    ]
  },
  "g": {
    "sounds": [
      "g"
    ]
  },
  "h": {
    "sounds": [
      "h"
    ]
  },
  "i": {
    "sounds": [
      "i"
    ]
  },
  "j": {
    "sounds": [
      "j"
    ]
  },
  "l": {
    "sounds": [
      "l"
    ]
  },
  "m": {
    "sounds": [
      "m"
    ]
  },
  "n": {
    "sounds": [
      "n"
    ]
  },
  "o": {
    "sounds": [
      "o"
    ]
  },
  "p": {
    "sounds": [
      "p"
    ]
  },
  "q": {
    "sounds": [
      "q"
    ]
  },
  "r": {
    "sounds": [
      "r"
    ]
  },
  "s": {
    "sounds": [
      "s"
    ]
  },
  "t": {
    "sounds": [
      "t"
    ]
  },
  "u": {
    "sounds": [
      "u"
    ]
  },
  "v": {
    "sounds": [
      "v"
    ]
  },
  "w": {
    "sounds": [
      "w"
    ]
  },
  "x": {
    "sounds": [
      "x"
    ]
  },
  "y": {
    "sounds": [
      "y"
    ]
  },
  "z": {
    "sounds": [
      "z"
    ]
  },
  "xaa": {
    "sounds": [
      "xaa"
    ]
  },
  "xab": {
    "sounds": [
      "xab"
    ]
  },
  "xba": {
    "sounds": [
      "xba"
    ]
  }
}